
-- data

INSERT INTO DEGREE (DEGREE) VALUES ('Master of Science');
INSERT INTO DEGREE (DEGREE) VALUES ('Master of Arts');
INSERT INTO DEGREE (DEGREE) VALUES ('Master of Fine Arts');
INSERT INTO DEGREE (DEGREE) VALUES ('Master of Business Administration');
INSERT INTO DEGREE (DEGREE) VALUES ('Bachelor of Science');
INSERT INTO DEGREE (DEGREE) VALUES ('Bachelor of Arts');
INSERT INTO DEGREE (DEGREE) VALUES ('Bachelor of Fine Arts');
INSERT INTO DEGREE (DEGREE) VALUES ('Bachelor of Business Administration');

INSERT INTO STUDY_PROGRAM VALUES (1, 'Software Engineering');
INSERT INTO STUDY_PROGRAM VALUES (2, 'Business Informatics');
INSERT INTO STUDY_PROGRAM VALUES (3, 'International Business and Management');
INSERT INTO STUDY_PROGRAM VALUES (4, 'Logistics');


INSERT INTO COURSE (COURSE, CREDIT, SEMESTER, STUDY_PROG_ID) VALUES ('Programming Concepts 1', 5, 1, 1);
INSERT INTO COURSE (COURSE, CREDIT, SEMESTER, STUDY_PROG_ID) VALUES ('Databases', 5, 1, 1);
INSERT INTO COURSE (COURSE, CREDIT, SEMESTER, STUDY_PROG_ID) VALUES ('Business in IT', 5, 1, 1);
INSERT INTO COURSE (COURSE, CREDIT, SEMESTER, STUDY_PROG_ID) VALUES ('Basic Skills', 5, 1, 1);
INSERT INTO COURSE (COURSE, CREDIT, SEMESTER, STUDY_PROG_ID) VALUES ('Project 1', 5, 1, 1);
INSERT INTO COURSE (COURSE, CREDIT, SEMESTER, STUDY_PROG_ID) VALUES ('Communication 1', 5, 1, 1);

INSERT INTO COURSE (COURSE, CREDIT, SEMESTER, STUDY_PROG_ID) VALUES ('Programming Concepts 2', 5, 2, 1);
INSERT INTO COURSE (COURSE, CREDIT, SEMESTER, STUDY_PROG_ID) VALUES ('Development Processes', 5, 2, 1);
INSERT INTO COURSE (COURSE, CREDIT, SEMESTER, STUDY_PROG_ID) VALUES ('Analysis and Design', 5, 2, 1);
INSERT INTO COURSE (COURSE, CREDIT, SEMESTER, STUDY_PROG_ID) VALUES ('Computer Basics and Security 1', 5, 2, 1);
INSERT INTO COURSE (COURSE, CREDIT, SEMESTER, STUDY_PROG_ID) VALUES ('Communication 2', 5, 2, 1);


INSERT INTO COURSE (COURSE, CREDIT, SEMESTER, STUDY_PROG_ID) VALUES ('Modeling Techniques 2', 5, 3, 1);
INSERT INTO COURSE (COURSE, CREDIT, SEMESTER, STUDY_PROG_ID) VALUES ('Consultancy 1', 5, 3, 1);
INSERT INTO COURSE (COURSE, CREDIT, SEMESTER, STUDY_PROG_ID) VALUES ('Requirements Engineering', 5, 3, 1);
INSERT INTO COURSE (COURSE, CREDIT, SEMESTER, STUDY_PROG_ID) VALUES ('Statistics', 5, 3, 1);
INSERT INTO COURSE (COURSE, CREDIT, SEMESTER, STUDY_PROG_ID) VALUES ('Computer Systems Architecture 1', 5, 3, 1);
INSERT INTO COURSE (COURSE, CREDIT, SEMESTER, STUDY_PROG_ID) VALUES ('Project 3', 5, 3, 1);
INSERT INTO COURSE (COURSE, CREDIT, SEMESTER, STUDY_PROG_ID) VALUES ('Applied Research Method', 5, 3, 1);



INSERT INTO COURSE (COURSE, CREDIT, SEMESTER, STUDY_PROG_ID) VALUES ('Concurrent Programming in Java', 5, 4, 1);
INSERT INTO COURSE (COURSE, CREDIT, SEMESTER, STUDY_PROG_ID) VALUES ('Programming in .NET & C#', 5, 4, 1);
INSERT INTO COURSE (COURSE, CREDIT, SEMESTER, STUDY_PROG_ID) VALUES ('XML and Java', 5, 4, 1);
INSERT INTO COURSE (COURSE, CREDIT, SEMESTER, STUDY_PROG_ID) VALUES ('Computer Systems Architecture 3', 5, 4, 1);
INSERT INTO COURSE (COURSE, CREDIT, SEMESTER, STUDY_PROG_ID) VALUES ('Computer Systems Architecture 2', 5, 4, 1);
INSERT INTO COURSE (COURSE, CREDIT, SEMESTER, STUDY_PROG_ID) VALUES ('Graphs and Num Analysis', 5, 4, 1);
INSERT INTO COURSE (COURSE, CREDIT, SEMESTER, STUDY_PROG_ID) VALUES ('Apps Development', 5, 4, 1);

INSERT INTO COURSE (COURSE, CREDIT, SEMESTER, STUDY_PROG_ID) VALUES ('MINOR / INTERNSHIP', 30, 5, 1);
INSERT INTO COURSE (COURSE, CREDIT, SEMESTER, STUDY_PROG_ID) VALUES ('MINOR / INTERNSHIP', 30, 6, 1);

INSERT INTO COURSE (COURSE, CREDIT, SEMESTER, STUDY_PROG_ID) VALUES ('Software Factory', 5, 7, 1);
INSERT INTO COURSE (COURSE, CREDIT, SEMESTER, STUDY_PROG_ID) VALUES ('Professional Skills', 5, 7, 1);
INSERT INTO COURSE (COURSE, CREDIT, SEMESTER, STUDY_PROG_ID) VALUES ('Programming IOT', 5, 7, 1);
INSERT INTO COURSE (COURSE, CREDIT, SEMESTER, STUDY_PROG_ID) VALUES ('Enterprise Software Development', 5, 7, 1);
INSERT INTO COURSE (COURSE, CREDIT, SEMESTER, STUDY_PROG_ID) VALUES ('SAP (Logistics)', 5, 7, 1);
INSERT INTO COURSE (COURSE, CREDIT, SEMESTER, STUDY_PROG_ID) VALUES ('Virtual/Augmented Reality', 5, 7, 1);
INSERT INTO COURSE (COURSE, CREDIT, SEMESTER, STUDY_PROG_ID) VALUES ('Machine Learning', 5, 7, 1);

INSERT INTO COURSE (COURSE, CREDIT, SEMESTER, STUDY_PROG_ID) VALUES ('GRADUATION', 30, 8, 1);




INSERT INTO USER_ROLE VALUES (1, 'USER');
INSERT INTO USER_ROLE VALUES (2, 'ADMIN');

INSERT INTO ACCOUNT VALUES(1, 'micheal.scott@student.fontys.nl', 'TEST', 1);
INSERT INTO ACCOUNT VALUES(2, 'pam.beesly@student.fontys.nl', 'TEST', 1);
INSERT INTO ACCOUNT VALUES(3, 'dwight.schrute@student.fontys.nl', 'TEST', 1 );
INSERT INTO ACCOUNT VALUES(4, 'meredith.palmer@student.fontys.nl', 'TEST', 1);
INSERT INTO ACCOUNT VALUES(5, 'kelly.kapoor@student.fontys.nl', 'TEST', 1);
INSERT INTO ACCOUNT VALUES(6, 'angela.kinsey@student.fontys.nl', 'TEST', 1);
INSERT INTO ACCOUNT VALUES(7, 'kevin.maloney@student.fontys.nl', 'TEST', 1);
INSERT INTO ACCOUNT VALUES(8, 'jim.halpert@student.fontys.nl', 'TEST', 1);
INSERT INTO ACCOUNT VALUES(9, 'creed.bratton@student.fontys.nl', 'TEST', 1);
INSERT INTO ACCOUNT VALUES(10, 'andrew.bernard@student.fontys.nl', 'TEST', 1);

INSERT INTO ACCOUNT VALUES(11, 'admin@fontys.nl', 'TEST', 2);


INSERT INTO USER_STUDENT (ACCOUNT_ID, NAME, SURNAME, FULL_TIME, ENROL_YEAR, SEMESTER, DEGREE_ID, STUDY_PROG_ID) 
                            VALUES (1, 'Michael', 'Scott', true, 2014, 7, 5, 1);
INSERT INTO USER_STUDENT (ACCOUNT_ID, NAME, SURNAME, FULL_TIME, ENROL_YEAR, SEMESTER, DEGREE_ID, STUDY_PROG_ID) 
                            VALUES (2, 'Pamela', 'Beesly', true, 2015, 6, 5, 1);
INSERT INTO USER_STUDENT (ACCOUNT_ID, NAME, SURNAME, FULL_TIME, ENROL_YEAR, SEMESTER, DEGREE_ID, STUDY_PROG_ID) 
                            VALUES (3, 'Dwight', 'Schrute', true, 2015, 5, 5, 1);
INSERT INTO USER_STUDENT (ACCOUNT_ID, NAME, SURNAME, FULL_TIME, ENROL_YEAR, SEMESTER, DEGREE_ID, STUDY_PROG_ID) 
                            VALUES (4, 'Meredith', 'Palmer', true, 2014, 4, 5, 1);
INSERT INTO USER_STUDENT (ACCOUNT_ID, NAME, SURNAME, FULL_TIME, ENROL_YEAR, SEMESTER, DEGREE_ID, STUDY_PROG_ID) 
                            VALUES (5, 'Kelly', 'Kapoor', true, 2014, 6, 5, 1);
INSERT INTO USER_STUDENT (ACCOUNT_ID, NAME, SURNAME, FULL_TIME, ENROL_YEAR, SEMESTER, DEGREE_ID, STUDY_PROG_ID) 
                            VALUES (6, 'Angela', 'Kinsey', true, 2016, 4, 5, 1);
INSERT INTO USER_STUDENT (ACCOUNT_ID, NAME, SURNAME, FULL_TIME, ENROL_YEAR, SEMESTER, DEGREE_ID, STUDY_PROG_ID) 
                            VALUES (7, 'Kevin', 'Maloney', true, 2016, 3, 5, 1);
INSERT INTO USER_STUDENT (ACCOUNT_ID, NAME, SURNAME, FULL_TIME, ENROL_YEAR, SEMESTER, DEGREE_ID, STUDY_PROG_ID) 
                            VALUES (8, 'Jim', 'Halpert', true, 2017, 1, 5, 1);
INSERT INTO USER_STUDENT (ACCOUNT_ID, NAME, SURNAME, FULL_TIME, ENROL_YEAR, SEMESTER, DEGREE_ID, STUDY_PROG_ID) 
                            VALUES (9, 'Creed', 'Bratton', true, 2017, 2, 5, 1);
INSERT INTO USER_STUDENT (ACCOUNT_ID, NAME, SURNAME, FULL_TIME, ENROL_YEAR, SEMESTER, DEGREE_ID, STUDY_PROG_ID) 
                            VALUES (10, 'Andrew', 'Bernard', true, 2013, 8, 5, 1);


INSERT INTO USER_ADMIN (ACCOUNT_ID, NAME, SURNAME) VALUES (11, 'Christopher', 'Miller');